"rudy gay","https://www.basketball-reference.com/req/202106291/images/players/gayru01.jpg"
"paul george","https://www.basketball-reference.com/req/202106291/images/players/georgpa01.jpg"
"taj gibson","https://www.basketball-reference.com/req/202106291/images/players/gibsota01.jpg"
"josh giddey","https://www.basketball-reference.com/req/202106291/images/players/giddejo01.jpg"
"shai gilgeous-alexander","https://www.basketball-reference.com/req/202106291/images/players/gilgesh01.jpg"
"anthony gill","https://www.basketball-reference.com/req/202106291/images/players/gillan01.jpg"
"freddie gillespie","https://www.basketball-reference.com/req/202106291/images/players/gillefr01.jpg"
"rudy gobert","https://www.basketball-reference.com/req/202106291/images/players/goberru01.jpg"
"brandon goodwin","https://www.basketball-reference.com/req/202106291/images/players/goodwbr01.jpg"
"jordan goodwin","https://www.basketball-reference.com/req/202106291/images/players/goodwjo01.jpg"
"aaron gordon","https://www.basketball-reference.com/req/202106291/images/players/gordoaa01.jpg"
"eric gordon","https://www.basketball-reference.com/req/202106291/images/players/gordoer01.jpg"
"jerami grant","https://www.basketball-reference.com/req/202106291/images/players/grantje01.jpg"
"hassani gravett","https://www.basketball-reference.com/req/202106291/images/players/graveha01.jpg"
"danny green","https://www.basketball-reference.com/req/202106291/images/players/greenda02.jpg"
"draymond green","https://www.basketball-reference.com/req/202106291/images/players/greendr01.jpg"
"jalen green","https://www.basketball-reference.com/req/202106291/images/players/greenja05.jpg"
"jamychal green","https://www.basketball-reference.com/req/202106291/images/players/greenja01.jpg"
"javonte green","https://www.basketball-reference.com/req/202106291/images/players/greenja02.jpg"
"jeff green","https://www.basketball-reference.com/req/202106291/images/players/greenje02.jpg"
"josh green","https://www.basketball-reference.com/req/202106291/images/players/greenjo02.jpg"
"blake griffin","https://www.basketball-reference.com/req/202106291/images/players/griffbl01.jpg"
"quentin grimes","https://www.basketball-reference.com/req/202106291/images/players/grimequ01.jpg"
"kyle guy","https://www.basketball-reference.com/req/202106291/images/players/guyky01.jpg"
"rui hachimura","https://www.basketball-reference.com/req/202106291/images/players/hachiru01.jpg"
"tyrese haliburton","https://www.basketball-reference.com/req/202106291/images/players/halibty01.jpg"
"tyler hall",""
"r.j. hampton","https://www.basketball-reference.com/req/202106291/images/players/hamptrj01.jpg"
"tim hardaway jr.","https://www.basketball-reference.com/req/202106291/images/players/hardati02.jpg"
"james harden","https://www.basketball-reference.com/req/202106291/images/players/hardeja01.jpg"
"maurice harkless","https://www.basketball-reference.com/req/202106291/images/players/harklma01.jpg"
"jared harper","https://www.basketball-reference.com/req/202106291/images/players/harpeja01.jpg"
"montrezl harrell","https://www.basketball-reference.com/req/202106291/images/players/harremo01.jpg"
"gary harris","https://www.basketball-reference.com/req/202106291/images/players/harriga01.jpg"
"joe harris","https://www.basketball-reference.com/req/202106291/images/players/harrijo01.jpg"
"tobias harris","https://www.basketball-reference.com/req/202106291/images/players/harrito02.jpg"
"shaquille harrison","https://www.basketball-reference.com/req/202106291/images/players/harrish01.jpg"
"josh hart","https://www.basketball-reference.com/req/202106291/images/players/hartjo01.jpg"
"isaiah hartenstein","https://www.basketball-reference.com/req/202106291/images/players/harteis01.jpg"
"udonis haslem","https://www.basketball-reference.com/req/202106291/images/players/hasleud01.jpg"
"sam hauser","https://www.basketball-reference.com/req/202106291/images/players/hausesa01.jpg"
"jaxson hayes","https://www.basketball-reference.com/req/202106291/images/players/hayesja02.jpg"
"killian hayes","https://www.basketball-reference.com/req/202106291/images/players/hayeski01.jpg"
"gordon hayward","https://www.basketball-reference.com/req/202106291/images/players/haywago01.jpg"
"aaron henry","https://www.basketball-reference.com/req/202106291/images/players/henryaa01.jpg"
"juancho hernangomez","https://www.basketball-reference.com/req/202106291/images/players/hernaju01.jpg"
"willy hernangomez","https://www.basketball-reference.com/req/202106291/images/players/hernawi01.jpg"
"tyler herro","https://www.basketball-reference.com/req/202106291/images/players/herroty01.jpg"
"buddy hield","https://www.basketball-reference.com/req/202106291/images/players/hieldbu01.jpg"
"haywood highsmith","https://www.basketball-reference.com/req/202106291/images/players/highsha01.jpg"
"george hill","https://www.basketball-reference.com/req/202106291/images/players/hillge01.jpg"
"malcolm hill",""
"solomon hill","https://www.basketball-reference.com/req/202106291/images/players/hillso01.jpg"
"nate hinton","https://www.basketball-reference.com/req/202106291/images/players/hintona01.jpg"
"jaylen hoard","https://www.basketball-reference.com/req/202106291/images/players/hoardja01.jpg"
"aaron holiday","https://www.basketball-reference.com/req/202106291/images/players/holidaa01.jpg"
"jrue holiday","https://www.basketball-reference.com/req/202106291/images/players/holidjr01.jpg"
"justin holiday","https://www.basketball-reference.com/req/202106291/images/players/holidju01.jpg"
"richaun holmes","https://www.basketball-reference.com/req/202106291/images/players/holmeri01.jpg"
"rodney hood","https://www.basketball-reference.com/req/202106291/images/players/hoodro01.jpg"
"scotty hopson","https://www.basketball-reference.com/req/202106291/images/players/hopsosc01.jpg"
"al horford","https://www.basketball-reference.com/req/202106291/images/players/horfoal01.jpg"
"talen horton-tucker","https://www.basketball-reference.com/req/202106291/images/players/hortota01.jpg"
"danuel house jr.","https://www.basketball-reference.com/req/202106291/images/players/houseda01.jpg"
"dwight howard","https://www.basketball-reference.com/req/202106291/images/players/howardw01.jpg"
"markus howard","https://www.basketball-reference.com/req/202106291/images/players/howarma02.jpg"
"kevin huerter","https://www.basketball-reference.com/req/202106291/images/players/huertke01.jpg"
"jay huff","https://www.basketball-reference.com/req/202106291/images/players/huffja01.jpg"
"elijah hughes","https://www.basketball-reference.com/req/202106291/images/players/hugheel01.jpg"
"feron hunt","https://www.basketball-reference.com/req/202106291/images/players/huntfe01.jpg"
"de'andre hunter","https://www.basketball-reference.com/req/202106291/images/players/huntede01.jpg"
"chandler hutchison","https://www.basketball-reference.com/req/202106291/images/players/hutchch01.jpg"
"bones hyland","https://www.basketball-reference.com/req/202106291/images/players/hylanbo01.jpg"
"serge ibaka","https://www.basketball-reference.com/req/202106291/images/players/ibakase01.jpg"
"andre iguodala","https://www.basketball-reference.com/req/202106291/images/players/iguodan01.jpg"
"joe ingles","https://www.basketball-reference.com/req/202106291/images/players/inglejo01.jpg"
"brandon ingram","https://www.basketball-reference.com/req/202106291/images/players/ingrabr01.jpg"
"kyrie irving","https://www.basketball-reference.com/req/202106291/images/players/irvinky01.jpg"
"jonathan isaac","https://www.basketball-reference.com/req/202106291/images/players/isaacjo01.jpg"
"wes iwundu","https://www.basketball-reference.com/req/202106291/images/players/iwundwe01.jpg"
"frank jackson","https://www.basketball-reference.com/req/202106291/images/players/jacksfr01.jpg"
"isaiah jackson","https://www.basketball-reference.com/req/202106291/images/players/jacksis01.jpg"
"jaren jackson jr.","https://www.basketball-reference.com/req/202106291/images/players/jacksja02.jpg"
"josh jackson","https://www.basketball-reference.com/req/202106291/images/players/jacksjo02.jpg"
"justin jackson","https://www.basketball-reference.com/req/202106291/images/players/jacksju01.jpg"
"reggie jackson","https://www.basketball-reference.com/req/202106291/images/players/jacksre01.jpg"
"lebron james","https://www.basketball-reference.com/req/202106291/images/players/jamesle01.jpg"
"dejon jarreau","https://www.basketball-reference.com/req/202106291/images/players/jarrede01.jpg"
"daquan jeffries","https://www.basketball-reference.com/req/202106291/images/players/jeffrda01.jpg"
"ty jerome","https://www.basketball-reference.com/req/202106291/images/players/jeromty01.jpg"
"isaiah joe","https://www.basketball-reference.com/req/202106291/images/players/joeis01.jpg"
"alize johnson","https://www.basketball-reference.com/req/202106291/images/players/johnsal02.jpg"
"b.j. johnson","https://www.basketball-reference.com/req/202106291/images/players/johnsbj01.jpg"
"cameron johnson","https://www.basketball-reference.com/req/202106291/images/players/johnsca02.jpg"
"david johnson","https://www.basketball-reference.com/req/202106291/images/players/johnsda08.jpg"
"jalen johnson","https://www.basketball-reference.com/req/202106291/images/players/johnsja05.jpg"
"james johnson","https://www.basketball-reference.com/req/202106291/images/players/johnsja01.jpg"
"joe johnson","https://www.basketball-reference.com/req/202106291/images/players/johnsjo02.jpg"
"keldon johnson","https://www.basketball-reference.com/req/202106291/images/players/johnske04.jpg"
"keon johnson","https://www.basketball-reference.com/req/202106291/images/players/johnske07.jpg"
"stanley johnson","https://www.basketball-reference.com/req/202106291/images/players/johnsst04.jpg"
"tyler johnson","https://www.basketball-reference.com/req/202106291/images/players/johnsty01.jpg"
"nikola jokic","https://www.basketball-reference.com/req/202106291/images/players/jokicni01.jpg"
"carlik jones","https://www.basketball-reference.com/req/202106291/images/players/jonesca03.jpg"
"damian jones","https://www.basketball-reference.com/req/202106291/images/players/jonesda03.jpg"
"derrick jones jr.","https://www.basketball-reference.com/req/202106291/images/players/jonesde02.jpg"
"herbert jones","https://www.basketball-reference.com/req/202106291/images/players/joneshe01.jpg"
"jemerrio jones","https://www.basketball-reference.com/req/202106291/images/players/jonesje01.jpg"
"kai jones","https://www.basketball-reference.com/req/202106291/images/players/joneska01.jpg"
"mason jones","https://www.basketball-reference.com/req/202106291/images/players/jonesma05.jpg"
"tre jones","https://www.basketball-reference.com/req/202106291/images/players/jonestr01.jpg"
"tyus jones","https://www.basketball-reference.com/req/202106291/images/players/jonesty01.jpg"
"deandre jordan","https://www.basketball-reference.com/req/202106291/images/players/jordade01.jpg"
"cory joseph","https://www.basketball-reference.com/req/202106291/images/players/josepco01.jpg"
"georgios kalaitzakis","https://www.basketball-reference.com/req/202106291/images/players/kalaige01.jpg"
"frank kaminsky","https://www.basketball-reference.com/req/202106291/images/players/kaminfr01.jpg"
"luke kennard","https://www.basketball-reference.com/req/202106291/images/players/kennalu01.jpg"
"braxton key",""
"george king","https://www.basketball-reference.com/req/202106291/images/players/kingge03.jpg"
"louis king","https://www.basketball-reference.com/req/202106291/images/players/kinglo02.jpg"
"corey kispert","https://www.basketball-reference.com/req/202106291/images/players/kispeco01.jpg"
"maxi kleber","https://www.basketball-reference.com/req/202106291/images/players/klebima01.jpg"
"brandon knight","https://www.basketball-reference.com/req/202106291/images/players/knighbr03.jpg"
"nathan knight","https://www.basketball-reference.com/req/202106291/images/players/knighna01.jpg"
"kevin knox","https://www.basketball-reference.com/req/202106291/images/players/knoxke01.jpg"
"john konchar","https://www.basketball-reference.com/req/202106291/images/players/konchjo01.jpg"
"furkan korkmaz","https://www.basketball-reference.com/req/202106291/images/players/korkmfu01.jpg"
"luke kornet","https://www.basketball-reference.com/req/202106291/images/players/kornelu01.jpg"
"vit krejci","https://www.basketball-reference.com/req/202106291/images/players/krejcvi01.jpg"
"arnoldas kulboka","https://www.basketball-reference.com/req/202106291/images/players/kulboar01.jpg"
"jonathan kuminga","https://www.basketball-reference.com/req/202106291/images/players/kuminjo01.jpg"
"kyle kuzma","https://www.basketball-reference.com/req/202106291/images/players/kuzmaky01.jpg"
"zach lavine","https://www.basketball-reference.com/req/202106291/images/players/lavinza01.jpg"
"anthony lamb","https://www.basketball-reference.com/req/202106291/images/players/lamban01.jpg"
"jeremy lamb","https://www.basketball-reference.com/req/202106291/images/players/lambje01.jpg"
"jock landale","https://www.basketball-reference.com/req/202106291/images/players/landajo01.jpg"
"romeo langford","https://www.basketball-reference.com/req/202106291/images/players/langfro01.jpg"
"jake layman","https://www.basketball-reference.com/req/202106291/images/players/laymaja01.jpg"
"caris levert","https://www.basketball-reference.com/req/202106291/images/players/leverca01.jpg"
"damion lee","https://www.basketball-reference.com/req/202106291/images/players/leeda03.jpg"
"saben lee","https://www.basketball-reference.com/req/202106291/images/players/leesa01.jpg"
"alex len","https://www.basketball-reference.com/req/202106291/images/players/lenal01.jpg"
"kawhi leonard","https://www.basketball-reference.com/req/202106291/images/players/leonaka01.jpg"
"meyers leonard","https://www.basketball-reference.com/req/202106291/images/players/leoname01.jpg"
"kira lewis jr.","https://www.basketball-reference.com/req/202106291/images/players/lewiski01.jpg"
"scottie lewis","https://www.basketball-reference.com/req/202106291/images/players/lewissc01.jpg"
"damian lillard","https://www.basketball-reference.com/req/202106291/images/players/lillada01.jpg"
"nassir little","https://www.basketball-reference.com/req/202106291/images/players/littlna01.jpg"
"isaiah livers","https://www.basketball-reference.com/req/202106291/images/players/liveris01.jpg"
"kevon looney","https://www.basketball-reference.com/req/202106291/images/players/looneke01.jpg"
"brook lopez","https://www.basketball-reference.com/req/202106291/images/players/lopezbr01.jpg"
"robin lopez","https://www.basketball-reference.com/req/202106291/images/players/lopezro01.jpg"
"didi louzada","https://www.basketball-reference.com/req/202106291/images/players/louzama01.jpg"
"kevin love","https://www.basketball-reference.com/req/202106291/images/players/loveke01.jpg"
"kyle lowry","https://www.basketball-reference.com/req/202106291/images/players/lowryky01.jpg"
"gabriel lundberg",""
"timothe luwawu-cabarrot","https://www.basketball-reference.com/req/202106291/images/players/luwawti01.jpg"
"trey lyles","https://www.basketball-reference.com/req/202106291/images/players/lylestr01.jpg"
"thon maker","https://www.basketball-reference.com/req/202106291/images/players/makerth01.jpg"
"theo maledon","https://www.basketball-reference.com/req/202106291/images/players/maledth01.jpg"
"sandro mamukelashvili","https://www.basketball-reference.com/req/202106291/images/players/mamuksa01.jpg"
"terance mann","https://www.basketball-reference.com/req/202106291/images/players/mannte01.jpg"
"tre mann","https://www.basketball-reference.com/req/202106291/images/players/manntr01.jpg"
"nico mannion","https://www.basketball-reference.com/req/202106291/images/players/mannini01.jpg"
"boban marjanovic","https://www.basketball-reference.com/req/202106291/images/players/marjabo01.jpg"
"lauri markkanen","https://www.basketball-reference.com/req/202106291/images/players/markkla01.jpg"
"naji marshall","https://www.basketball-reference.com/req/202106291/images/players/marshna01.jpg"
"caleb martin","https://www.basketball-reference.com/req/202106291/images/players/martica02.jpg"
"cody martin","https://www.basketball-reference.com/req/202106291/images/players/martico01.jpg"
"kelan martin","https://www.basketball-reference.com/req/202106291/images/players/martike03.jpg"
"kenyon martin jr.","https://www.basketball-reference.com/req/202106291/images/players/martike04.jpg"
"garrison mathews","https://www.basketball-reference.com/req/202106291/images/players/mathega01.jpg"
"dakota mathias","https://www.basketball-reference.com/req/202106291/images/players/mathida01.jpg"
"wesley matthews","https://www.basketball-reference.com/req/202106291/images/players/matthwe02.jpg"
"tyrese maxey","https://www.basketball-reference.com/req/202106291/images/players/maxeyty01.jpg"
"skylar mays","https://www.basketball-reference.com/req/202106291/images/players/mayssk01.jpg"
"miles mcbride","https://www.basketball-reference.com/req/202106291/images/players/mcbrimi01.jpg"
"mac mcclung","https://www.basketball-reference.com/req/202106291/images/players/mccluma01.jpg"
"cj mccollum","https://www.basketball-reference.com/req/202106291/images/players/mccolcj01.jpg"
"t.j. mcconnell","https://www.basketball-reference.com/req/202106291/images/players/mccontj01.jpg"
"jaden mcdaniels","https://www.basketball-reference.com/req/202106291/images/players/mcdanja02.jpg"
"jalen mcdaniels","https://www.basketball-reference.com/req/202106291/images/players/mcdanja01.jpg"
"doug mcdermott","https://www.basketball-reference.com/req/202106291/images/players/mcderdo01.jpg"
"javale mcgee","https://www.basketball-reference.com/req/202106291/images/players/mcgeeja01.jpg"
"cameron mcgriff",""
"rodney mcgruder","https://www.basketball-reference.com/req/202106291/images/players/mcgruro01.jpg"
"alfonzo mckinnie","https://www.basketball-reference.com/req/202106291/images/players/mckinal01.jpg"
"jaquori mclaughlin","https://www.basketball-reference.com/req/202106291/images/players/mclauja01.jpg"
"jordan mclaughlin","https://www.basketball-reference.com/req/202106291/images/players/mclaujo01.jpg"
"ben mclemore","https://www.basketball-reference.com/req/202106291/images/players/mclembe01.jpg"
"de'anthony melton","https://www.basketball-reference.com/req/202106291/images/players/meltode01.jpg"
"sam merrill","https://www.basketball-reference.com/req/202106291/images/players/merrisa01.jpg"
"chimezie metu","https://www.basketball-reference.com/req/202106291/images/players/metuch01.jpg"
"khris middleton","https://www.basketball-reference.com/req/202106291/images/players/middlkh01.jpg"
"c.j. miles","https://www.basketball-reference.com/req/202106291/images/players/milescj01.jpg"
"patty mills","https://www.basketball-reference.com/req/202106291/images/players/millspa02.jpg"
"paul millsap","https://www.basketball-reference.com/req/202106291/images/players/millspa01.jpg"
"shake milton","https://www.basketball-reference.com/req/202106291/images/players/miltosh01.jpg"
"davion mitchell","https://www.basketball-reference.com/req/202106291/images/players/mitchda01.jpg"
"donovan mitchell","https://www.basketball-reference.com/req/202106291/images/players/mitchdo01.jpg"
"evan mobley","https://www.basketball-reference.com/req/202106291/images/players/mobleev01.jpg"
"malik monk","https://www.basketball-reference.com/req/202106291/images/players/monkma01.jpg"
"greg monroe","https://www.basketball-reference.com/req/202106291/images/players/monrogr01.jpg"
"moses moody","https://www.basketball-reference.com/req/202106291/images/players/moodymo01.jpg"
"xavier moon",""
"matt mooney","https://www.basketball-reference.com/req/202106291/images/players/moonema01.jpg"
"ja morant","https://www.basketball-reference.com/req/202106291/images/players/moranja01.jpg"
"juwan morgan","https://www.basketball-reference.com/req/202106291/images/players/morgaju01.jpg"
"jaylen morris","https://www.basketball-reference.com/req/202106291/images/players/morrija01.jpg"
"marcus morris","https://www.basketball-reference.com/req/202106291/images/players/morrima03.jpg"
"markieff morris","https://www.basketball-reference.com/req/202106291/images/players/morrima02.jpg"
"monte morris","https://www.basketball-reference.com/req/202106291/images/players/morrimo01.jpg"
"emmanuel mudiay","https://www.basketball-reference.com/req/202106291/images/players/mudiaem01.jpg"
"mychal mulder","https://www.basketball-reference.com/req/202106291/images/players/muldemy01.jpg"
"ade murkey","https://www.basketball-reference.com/req/202106291/images/players/murkead01.jpg"
"trey murphy iii","https://www.basketball-reference.com/req/202106291/images/players/murphtr02.jpg"
"dejounte murray","https://www.basketball-reference.com/req/202106291/images/players/murrade01.jpg"
"jamal murray","https://www.basketball-reference.com/req/202106291/images/players/murraja01.jpg"
"mike muscala","https://www.basketball-reference.com/req/202106291/images/players/muscami01.jpg"
"svi mykhailiuk","https://www.basketball-reference.com/req/202106291/images/players/mykhasv01.jpg"
"abdel nader","https://www.basketball-reference.com/req/202106291/images/players/naderab01.jpg"
"larry nance jr.","https://www.basketball-reference.com/req/202106291/images/players/nancela02.jpg"
"rj nembhard jr.","https://www.basketball-reference.com/req/202106291/images/players/nembhrj01.jpg"
"aaron nesmith","https://www.basketball-reference.com/req/202106291/images/players/nesmiaa01.jpg"
"raul neto","https://www.basketball-reference.com/req/202106291/images/players/netora01.jpg"
"malik newman","https://www.basketball-reference.com/req/202106291/images/players/newmama01.jpg"
"georges niang","https://www.basketball-reference.com/req/202106291/images/players/niangge01.jpg"
"daishen nix","https://www.basketball-reference.com/req/202106291/images/players/nixda01.jpg"
"zeke nnaji","https://www.basketball-reference.com/req/202106291/images/players/nnajize01.jpg"
"nerlens noel","https://www.basketball-reference.com/req/202106291/images/players/noelne01.jpg"
"jaylen nowell","https://www.basketball-reference.com/req/202106291/images/players/nowelja01.jpg"
"frank ntilikina","https://www.basketball-reference.com/req/202106291/images/players/ntilila01.jpg"
"jusuf nurkic","https://www.basketball-reference.com/req/202106291/images/players/nurkiju01.jpg"
"david nwaba","https://www.basketball-reference.com/req/202106291/images/players/nwabada01.jpg"
"jordan nwora","https://www.basketball-reference.com/req/202106291/images/players/nworajo01.jpg"
"royce o'neale","https://www.basketball-reference.com/req/202106291/images/players/onealro01.jpg"
"semi ojeleye","https://www.basketball-reference.com/req/202106291/images/players/ojelese01.jpg"
"chuma okeke","https://www.basketball-reference.com/req/202106291/images/players/okekech01.jpg"
"landry shamet","https://www.basketball-reference.com/req/202106291/images/players/shamela01.jpg"
"pascal siakam","https://www.basketball-reference.com/req/202106291/images/players/siakapa01.jpg"
"chris silva","https://www.basketball-reference.com/req/202106291/images/players/silvach01.jpg"
"ben simmons","https://www.basketball-reference.com/req/202106291/images/players/simmobe01.jpg"
"marko simonovic","https://www.basketball-reference.com/req/202106291/images/players/simonma01.jpg"
"anfernee simons","https://www.basketball-reference.com/req/202106291/images/players/simonan01.jpg"
"zavier simpson",""
"jericho sims","https://www.basketball-reference.com/req/202106291/images/players/simsje01.jpg"
"deividas sirvydis","https://www.basketball-reference.com/req/202106291/images/players/sirvyde01.jpg"
"javonte smart","https://www.basketball-reference.com/req/202106291/images/players/smartja01.jpg"
"marcus smart","https://www.basketball-reference.com/req/202106291/images/players/smartma01.jpg"
"dennis smith jr.","https://www.basketball-reference.com/req/202106291/images/players/smithde03.jpg"
"ish smith","https://www.basketball-reference.com/req/202106291/images/players/smithis01.jpg"
"jalen smith","https://www.basketball-reference.com/req/202106291/images/players/smithja04.jpg"
"xavier sneed","https://www.basketball-reference.com/req/202106291/images/players/sneedxa01.jpg"
"tony snell","https://www.basketball-reference.com/req/202106291/images/players/snellto01.jpg"
"jaden springer","https://www.basketball-reference.com/req/202106291/images/players/sprinja01.jpg"
"cassius stanley","https://www.basketball-reference.com/req/202106291/images/players/stanlca01.jpg"
"nik stauskas","https://www.basketball-reference.com/req/202106291/images/players/stausni01.jpg"
"lance stephenson","https://www.basketball-reference.com/req/202106291/images/players/stephla01.jpg"
"lamar stevens","https://www.basketball-reference.com/req/202106291/images/players/stevela01.jpg"
"isaiah stewart","https://www.basketball-reference.com/req/202106291/images/players/stewais01.jpg"
"max strus","https://www.basketball-reference.com/req/202106291/images/players/strusma01.jpg"
"jalen suggs","https://www.basketball-reference.com/req/202106291/images/players/suggsja01.jpg"
"craig sword",""
"keifer sykes","https://www.basketball-reference.com/req/202106291/images/players/sykeske01.jpg"
"jayson tatum","https://www.basketball-reference.com/req/202106291/images/players/tatumja01.jpg"
"josh okogie","https://www.basketball-reference.com/req/202106291/images/players/okogijo01.jpg"
"onyeka okongwu","https://www.basketball-reference.com/req/202106291/images/players/okongon01.jpg"
"isaac okoro","https://www.basketball-reference.com/req/202106291/images/players/okorois01.jpg"
"kz okpala","https://www.basketball-reference.com/req/202106291/images/players/okpalkz01.jpg"
"victor oladipo","https://www.basketball-reference.com/req/202106291/images/players/oladivi01.jpg"
"cameron oliver","https://www.basketball-reference.com/req/202106291/images/players/oliveca01.jpg"
"kelly olynyk","https://www.basketball-reference.com/req/202106291/images/players/olynyke01.jpg"
"eugene omoruyi","https://www.basketball-reference.com/req/202106291/images/players/omorueu01.jpg"
"miye oni","https://www.basketball-reference.com/req/202106291/images/players/onimi01.jpg"
"cedi osman","https://www.basketball-reference.com/req/202106291/images/players/osmande01.jpg"
"daniel oturu","https://www.basketball-reference.com/req/202106291/images/players/oturuda01.jpg"
"kelly oubre jr.","https://www.basketball-reference.com/req/202106291/images/players/oubreke01.jpg"
"jaysean paige",""
"trayvon palmer",""
"kevin pangos","https://www.basketball-reference.com/req/202106291/images/players/pangoke01.jpg"
"jabari parker","https://www.basketball-reference.com/req/202106291/images/players/parkeja01.jpg"
"eric paschall","https://www.basketball-reference.com/req/202106291/images/players/pascher01.jpg"
"chris paul","https://www.basketball-reference.com/req/202106291/images/players/paulch01.jpg"
"cameron payne","https://www.basketball-reference.com/req/202106291/images/players/payneca01.jpg"
"elfrid payton","https://www.basketball-reference.com/req/202106291/images/players/paytoel01.jpg"
"gary payton ii","https://www.basketball-reference.com/req/202106291/images/players/paytoga02.jpg"
"norvel pelle","https://www.basketball-reference.com/req/202106291/images/players/pelleno01.jpg"
"reggie perry","https://www.basketball-reference.com/req/202106291/images/players/perryre01.jpg"
"jamorko pickett","https://www.basketball-reference.com/req/202106291/images/players/pickeja01.jpg"
"theo pinson","https://www.basketball-reference.com/req/202106291/images/players/pinsoth01.jpg"
"mason plumlee","https://www.basketball-reference.com/req/202106291/images/players/plumlma01.jpg"
"jakob poeltl","https://www.basketball-reference.com/req/202106291/images/players/poeltja01.jpg"
"aleksej pokusevski","https://www.basketball-reference.com/req/202106291/images/players/pokusal01.jpg"
"yves pons","https://www.basketball-reference.com/req/202106291/images/players/ponsyv01.jpg"
"jordan poole","https://www.basketball-reference.com/req/202106291/images/players/poolejo01.jpg"
"kevin porter jr.","https://www.basketball-reference.com/req/202106291/images/players/porteke02.jpg"
"michael porter jr.","https://www.basketball-reference.com/req/202106291/images/players/portemi01.jpg"
"otto porter jr.","https://www.basketball-reference.com/req/202106291/images/players/porteot01.jpg"
"bobby portis","https://www.basketball-reference.com/req/202106291/images/players/portibo01.jpg"
"kristaps porzingis","https://www.basketball-reference.com/req/202106291/images/players/porzikr01.jpg"
"micah potter","https://www.basketball-reference.com/req/202106291/images/players/pottemi01.jpg"
"dwight powell","https://www.basketball-reference.com/req/202106291/images/players/poweldw01.jpg"
"myles powell","https://www.basketball-reference.com/req/202106291/images/players/powelmy01.jpg"
"norman powell","https://www.basketball-reference.com/req/202106291/images/players/powelno01.jpg"
"joshua primo","https://www.basketball-reference.com/req/202106291/images/players/primojo01.jpg"
"taurean prince","https://www.basketball-reference.com/req/202106291/images/players/princta02.jpg"
"payton pritchard","https://www.basketball-reference.com/req/202106291/images/players/pritcpa01.jpg"
"trevelin queen","https://www.basketball-reference.com/req/202106291/images/players/queentr01.jpg"
"precious achiuwa","https://www.basketball-reference.com/req/202106291/images/players/achiupr01.jpg"
"steven adams","https://www.basketball-reference.com/req/202106291/images/players/adamsst01.jpg"
"bam adebayo","https://www.basketball-reference.com/req/202106291/images/players/adebaba01.jpg"
"santi aldama","https://www.basketball-reference.com/req/202106291/images/players/aldamsa01.jpg"
"lamarcus aldridge","https://www.basketball-reference.com/req/202106291/images/players/aldrila01.jpg"
"nickeil alexander-walker","https://www.basketball-reference.com/req/202106291/images/players/alexani01.jpg"
"grayson allen","https://www.basketball-reference.com/req/202106291/images/players/allengr01.jpg"
"jarrett allen","https://www.basketball-reference.com/req/202106291/images/players/allenja01.jpg"
"jose alvarado","https://www.basketball-reference.com/req/202106291/images/players/alvarjo01.jpg"
"justin anderson","https://www.basketball-reference.com/req/202106291/images/players/anderju01.jpg"
"kyle anderson","https://www.basketball-reference.com/req/202106291/images/players/anderky01.jpg"
"giannis antetokounmpo","https://www.basketball-reference.com/req/202106291/images/players/antetgi01.jpg"
"thanasis antetokounmpo","https://www.basketball-reference.com/req/202106291/images/players/antetth01.jpg"
"carmelo anthony","https://www.basketball-reference.com/req/202106291/images/players/anthoca01.jpg"
"cole anthony","https://www.basketball-reference.com/req/202106291/images/players/anthoco01.jpg"
"og anunoby","https://www.basketball-reference.com/req/202106291/images/players/anunoog01.jpg"
"ryan arcidiacono","https://www.basketball-reference.com/req/202106291/images/players/arcidry01.jpg"
"trevor ariza","https://www.basketball-reference.com/req/202106291/images/players/arizatr01.jpg"
"d.j. augustin","https://www.basketball-reference.com/req/202106291/images/players/augusdj01.jpg"
"deni avdija","https://www.basketball-reference.com/req/202106291/images/players/avdijde01.jpg"
"joel ayayi","https://www.basketball-reference.com/req/202106291/images/players/ayayijo01.jpg"
"deandre ayton","https://www.basketball-reference.com/req/202106291/images/players/aytonde01.jpg"
"neemias queta","https://www.basketball-reference.com/req/202106291/images/players/quetane01.jpg"
"udoka azubuike","https://www.basketball-reference.com/req/202106291/images/players/azubuud01.jpg"
"marvin bagley iii","https://www.basketball-reference.com/req/202106291/images/players/baglema01.jpg"
"lamelo ball","https://www.basketball-reference.com/req/202106291/images/players/ballla01.jpg"
"lonzo ball","https://www.basketball-reference.com/req/202106291/images/players/balllo01.jpg"
"mo bamba","https://www.basketball-reference.com/req/202106291/images/players/bambamo01.jpg"
"desmond bane","https://www.basketball-reference.com/req/202106291/images/players/banede01.jpg"
"dalano banton","https://www.basketball-reference.com/req/202106291/images/players/bantoda01.jpg"
"cat barber","https://www.basketball-reference.com/req/202106291/images/players/barbeca01.jpg"
"harrison barnes","https://www.basketball-reference.com/req/202106291/images/players/barneha02.jpg"
"scottie barnes","https://www.basketball-reference.com/req/202106291/images/players/barnesc01.jpg"
"rj barrett","https://www.basketball-reference.com/req/202106291/images/players/barrerj01.jpg"
"will barton","https://www.basketball-reference.com/req/202106291/images/players/bartowi01.jpg"
"paris bass",""
"charles bassey","https://www.basketball-reference.com/req/202106291/images/players/bassech01.jpg"
"keita bates-diop","https://www.basketball-reference.com/req/202106291/images/players/bateske01.jpg"
"nicolas batum","https://www.basketball-reference.com/req/202106291/images/players/batumni01.jpg"
"kent bazemore","https://www.basketball-reference.com/req/202106291/images/players/bazemke01.jpg"
"darius bazley","https://www.basketball-reference.com/req/202106291/images/players/bazleda01.jpg"
"bradley beal","https://www.basketball-reference.com/req/202106291/images/players/bealbr01.jpg"
"malik beasley","https://www.basketball-reference.com/req/202106291/images/players/beaslma01.jpg"
"jordan bell","https://www.basketball-reference.com/req/202106291/images/players/belljo01.jpg"
"davis bertans","https://www.basketball-reference.com/req/202106291/images/players/bertada01.jpg"
"patrick beverley","https://www.basketball-reference.com/req/202106291/images/players/beverpa01.jpg"
"saddiq bey","https://www.basketball-reference.com/req/202106291/images/players/beysa01.jpg"
"khem birch","https://www.basketball-reference.com/req/202106291/images/players/birchkh01.jpg"
"goga bitadze","https://www.basketball-reference.com/req/202106291/images/players/bitadgo01.jpg"
"bismack biyombo","https://www.basketball-reference.com/req/202106291/images/players/biyombi01.jpg"
"nemanja bjelica","https://www.basketball-reference.com/req/202106291/images/players/bjeline01.jpg"
"eric bledsoe","https://www.basketball-reference.com/req/202106291/images/players/bledser01.jpg"
"keljin blevins","https://www.basketball-reference.com/req/202106291/images/players/blevike01.jpg"
"bogdan bogdanovic","https://www.basketball-reference.com/req/202106291/images/players/bogdabo01.jpg"
"bojan bogdanovic","https://www.basketball-reference.com/req/202106291/images/players/bogdabo02.jpg"
"bol bol","https://www.basketball-reference.com/req/202106291/images/players/bolbo01.jpg"
"leandro bolmaro","https://www.basketball-reference.com/req/202106291/images/players/bolmale01.jpg"
"isaac bonga","https://www.basketball-reference.com/req/202106291/images/players/bongais01.jpg"
"devin booker","https://www.basketball-reference.com/req/202106291/images/players/bookede01.jpg"
"brandon boston jr.","https://www.basketball-reference.com/req/202106291/images/players/bostobr01.jpg"
"chris boucher","https://www.basketball-reference.com/req/202106291/images/players/bouchch01.jpg"
"james bouknight","https://www.basketball-reference.com/req/202106291/images/players/bouknja01.jpg"
"avery bradley","https://www.basketball-reference.com/req/202106291/images/players/bradlav01.jpg"
"tony bradley","https://www.basketball-reference.com/req/202106291/images/players/bradlto01.jpg"
"ignas brazdeikis","https://www.basketball-reference.com/req/202106291/images/players/brazdig01.jpg"
"mikal bridges","https://www.basketball-reference.com/req/202106291/images/players/bridgmi01.jpg"
"miles bridges","https://www.basketball-reference.com/req/202106291/images/players/bridgmi02.jpg"
"oshae brissett","https://www.basketball-reference.com/req/202106291/images/players/brissos01.jpg"
"malcolm brogdon","https://www.basketball-reference.com/req/202106291/images/players/brogdma01.jpg"
"armoni brooks","https://www.basketball-reference.com/req/202106291/images/players/brookar01.jpg"
"dillon brooks","https://www.basketball-reference.com/req/202106291/images/players/brookdi01.jpg"
"bruce brown","https://www.basketball-reference.com/req/202106291/images/players/brownbr01.jpg"
"charlie brown jr.","https://www.basketball-reference.com/req/202106291/images/players/brownch02.jpg"
"chaundee brown jr.","https://www.basketball-reference.com/req/202106291/images/players/brownch05.jpg"
"greg brown iii","https://www.basketball-reference.com/req/202106291/images/players/browngr01.jpg"
"jaylen brown","https://www.basketball-reference.com/req/202106291/images/players/brownja02.jpg"
"moses brown","https://www.basketball-reference.com/req/202106291/images/players/brownmo01.jpg"
"sterling brown","https://www.basketball-reference.com/req/202106291/images/players/brownst02.jpg"
"troy brown jr.","https://www.basketball-reference.com/req/202106291/images/players/browntr01.jpg"
"jalen brunson","https://www.basketball-reference.com/req/202106291/images/players/brunsja01.jpg"
"thomas bryant","https://www.basketball-reference.com/req/202106291/images/players/bryanth01.jpg"
"shaq buchanan","https://www.basketball-reference.com/req/202106291/images/players/buchash01.jpg"
"reggie bullock","https://www.basketball-reference.com/req/202106291/images/players/bullore01.jpg"
"trey burke","https://www.basketball-reference.com/req/202106291/images/players/burketr01.jpg"
"alec burks","https://www.basketball-reference.com/req/202106291/images/players/burksal01.jpg"
"jared butler","https://www.basketball-reference.com/req/202106291/images/players/butleja02.jpg"
"jimmy butler","https://www.basketball-reference.com/req/202106291/images/players/butleji01.jpg"
"devontae cacok","https://www.basketball-reference.com/req/202106291/images/players/cacokde01.jpg"
"kentavious caldwell-pope","https://www.basketball-reference.com/req/202106291/images/players/caldwke01.jpg"
"facundo campazzo","https://www.basketball-reference.com/req/202106291/images/players/campafa01.jpg"
"vlatko cancar","https://www.basketball-reference.com/req/202106291/images/players/cancavl01.jpg"
"devin cannady",""
"clint capela","https://www.basketball-reference.com/req/202106291/images/players/capelca01.jpg"
"vernon carey jr.","https://www.basketball-reference.com/req/202106291/images/players/careyve01.jpg"
"jevon carter","https://www.basketball-reference.com/req/202106291/images/players/carteje01.jpg"
"wendell carter jr.","https://www.basketball-reference.com/req/202106291/images/players/cartewe01.jpg"
"alex caruso","https://www.basketball-reference.com/req/202106291/images/players/carusal01.jpg"
"willie cauley-stein","https://www.basketball-reference.com/req/202106291/images/players/caulewi01.jpg"
"ahmad caver",""
"justin champagnie","https://www.basketball-reference.com/req/202106291/images/players/champju01.jpg"
"zylan cheatham","https://www.basketball-reference.com/req/202106291/images/players/cheatzy01.jpg"
"chris chiozza","https://www.basketball-reference.com/req/202106291/images/players/chiozch01.jpg"
"marquese chriss","https://www.basketball-reference.com/req/202106291/images/players/chrisma01.jpg"
"josh christopher","https://www.basketball-reference.com/req/202106291/images/players/chrisjo01.jpg"
"gary clark","https://www.basketball-reference.com/req/202106291/images/players/clarkga01.jpg"
"brandon clarke","https://www.basketball-reference.com/req/202106291/images/players/clarkbr01.jpg"
"jordan clarkson","https://www.basketball-reference.com/req/202106291/images/players/clarkjo01.jpg"
"nic claxton","https://www.basketball-reference.com/req/202106291/images/players/claxtni01.jpg"
"amir coffey","https://www.basketball-reference.com/req/202106291/images/players/coffeam01.jpg"
"john collins","https://www.basketball-reference.com/req/202106291/images/players/collijo01.jpg"
"zach collins","https://www.basketball-reference.com/req/202106291/images/players/colliza01.jpg"
"darren collison","https://www.basketball-reference.com/req/202106291/images/players/collida01.jpg"
"mike conley","https://www.basketball-reference.com/req/202106291/images/players/conlemi01.jpg"
"pat connaughton","https://www.basketball-reference.com/req/202106291/images/players/connapa01.jpg"
"tyler cook","https://www.basketball-reference.com/req/202106291/images/players/cookty01.jpg"
"sharife cooper","https://www.basketball-reference.com/req/202106291/images/players/coopesh01.jpg"
"petr cornelie","https://www.basketball-reference.com/req/202106291/images/players/cornepe01.jpg"
"demarcus cousins","https://www.basketball-reference.com/req/202106291/images/players/couside01.jpg"
"robert covington","https://www.basketball-reference.com/req/202106291/images/players/covinro01.jpg"
"torrey craig","https://www.basketball-reference.com/req/202106291/images/players/craigto01.jpg"
"jae crowder","https://www.basketball-reference.com/req/202106291/images/players/crowdja01.jpg"
"jarrett culver","https://www.basketball-reference.com/req/202106291/images/players/culveja01.jpg"
"jarron cumberland",""
"cade cunningham","https://www.basketball-reference.com/req/202106291/images/players/cunnica01.jpg"
"seth curry","https://www.basketball-reference.com/req/202106291/images/players/curryse01.jpg"
"stephen curry","https://www.basketball-reference.com/req/202106291/images/players/curryst01.jpg"
"anthony davis","https://www.basketball-reference.com/req/202106291/images/players/davisan02.jpg"
"ed davis","https://www.basketball-reference.com/req/202106291/images/players/davised01.jpg"
"terence davis","https://www.basketball-reference.com/req/202106291/images/players/daviste02.jpg"
"javin delaurier","https://www.basketball-reference.com/req/202106291/images/players/delauja01.jpg"
"demar derozan","https://www.basketball-reference.com/req/202106291/images/players/derozde01.jpg"
"gabriel deck","https://www.basketball-reference.com/req/202106291/images/players/deckga01.jpg"
"dewayne dedmon","https://www.basketball-reference.com/req/202106291/images/players/dedmode01.jpg"
"sam dekker","https://www.basketball-reference.com/req/202106291/images/players/dekkesa01.jpg"
"donte divincenzo","https://www.basketball-reference.com/req/202106291/images/players/divindo01.jpg"
"mamadi diakite","https://www.basketball-reference.com/req/202106291/images/players/diakima01.jpg"
"cheick diallo","https://www.basketball-reference.com/req/202106291/images/players/diallch01.jpg"
"hamidou diallo","https://www.basketball-reference.com/req/202106291/images/players/diallha01.jpg"
"gorgui dieng","https://www.basketball-reference.com/req/202106291/images/players/dienggo01.jpg"
"spencer dinwiddie","https://www.basketball-reference.com/req/202106291/images/players/dinwisp01.jpg"
"luka doncic","https://www.basketball-reference.com/req/202106291/images/players/doncilu01.jpg"
"luguentz dort","https://www.basketball-reference.com/req/202106291/images/players/dortlu01.jpg"
"ayo dosunmu","https://www.basketball-reference.com/req/202106291/images/players/dosunay01.jpg"
"damyean dotson","https://www.basketball-reference.com/req/202106291/images/players/dotsoda01.jpg"
"devon dotson","https://www.basketball-reference.com/req/202106291/images/players/dotsode01.jpg"
"sekou doumbouya","https://www.basketball-reference.com/req/202106291/images/players/doumbse01.jpg"
"jeff dowtin","https://www.basketball-reference.com/req/202106291/images/players/dowtije01.jpg"
"pj dozier","https://www.basketball-reference.com/req/202106291/images/players/doziepj01.jpg"
"goran dragic","https://www.basketball-reference.com/req/202106291/images/players/dragigo01.jpg"
"andre drummond","https://www.basketball-reference.com/req/202106291/images/players/drumman01.jpg"
"chris duarte","https://www.basketball-reference.com/req/202106291/images/players/duartch01.jpg"
"david duke jr.","https://www.basketball-reference.com/req/202106291/images/players/dukeda01.jpg"
"kris dunn","https://www.basketball-reference.com/req/202106291/images/players/dunnkr01.jpg"
"kevin durant","https://www.basketball-reference.com/req/202106291/images/players/duranke01.jpg"
"jaime echenique","https://www.basketball-reference.com/req/202106291/images/players/echenja01.jpg"
"anthony edwards","https://www.basketball-reference.com/req/202106291/images/players/edwaran01.jpg"
"carsen edwards","https://www.basketball-reference.com/req/202106291/images/players/edwarca01.jpg"
"kessler edwards","https://www.basketball-reference.com/req/202106291/images/players/edwarke02.jpg"
"rob edwards","https://www.basketball-reference.com/req/202106291/images/players/edwarro01.jpg"
"cj elleby","https://www.basketball-reference.com/req/202106291/images/players/ellebcj01.jpg"
"wayne ellington","https://www.basketball-reference.com/req/202106291/images/players/ellinwa01.jpg"
"joel embiid","https://www.basketball-reference.com/req/202106291/images/players/embiijo01.jpg"
"james ennis iii","https://www.basketball-reference.com/req/202106291/images/players/ennisja01.jpg"
"drew eubanks","https://www.basketball-reference.com/req/202106291/images/players/eubandr01.jpg"
"tacko fall","https://www.basketball-reference.com/req/202106291/images/players/fallta01.jpg"
"derrick favors","https://www.basketball-reference.com/req/202106291/images/players/favorde01.jpg"
"bruno fernando","https://www.basketball-reference.com/req/202106291/images/players/fernabr01.jpg"
"dorian finney-smith","https://www.basketball-reference.com/req/202106291/images/players/finnedo01.jpg"
"malik fitts","https://www.basketball-reference.com/req/202106291/images/players/fittsma01.jpg"
"malachi flynn","https://www.basketball-reference.com/req/202106291/images/players/flynnma01.jpg"
"bryn forbes","https://www.basketball-reference.com/req/202106291/images/players/forbebr01.jpg"
"aleem ford",""
"trent forrest","https://www.basketball-reference.com/req/202106291/images/players/forretr01.jpg"
"evan fournier","https://www.basketball-reference.com/req/202106291/images/players/fournev01.jpg"
"de'aaron fox","https://www.basketball-reference.com/req/202106291/images/players/foxde01.jpg"
"melvin frazier","https://www.basketball-reference.com/req/202106291/images/players/frazime01.jpg"
"tim frazier","https://www.basketball-reference.com/req/202106291/images/players/fraziti01.jpg"
"enes freedom","https://www.basketball-reference.com/req/202106291/images/players/kanteen01.jpg"
"markelle fultz","https://www.basketball-reference.com/req/202106291/images/players/fultzma01.jpg"
"wenyen gabriel","https://www.basketball-reference.com/req/202106291/images/players/gabriwe01.jpg"
"daniel gafford","https://www.basketball-reference.com/req/202106291/images/players/gaffoda01.jpg"
"danilo gallinari","https://www.basketball-reference.com/req/202106291/images/players/gallida01.jpg"
"langston galloway","https://www.basketball-reference.com/req/202106291/images/players/gallola01.jpg"
"darius garland","https://www.basketball-reference.com/req/202106291/images/players/garlada01.jpg"
"marcus garrett","https://www.basketball-reference.com/req/202106291/images/players/garrema01.jpg"
"usman garuba","https://www.basketball-reference.com/req/202106291/images/players/garubus01.jpg"
"luka garza","https://www.basketball-reference.com/req/202106291/images/players/garzalu01.jpg"
"immanuel quickley","https://www.basketball-reference.com/req/202106291/images/players/quickim01.jpg"
"julius randle","https://www.basketball-reference.com/req/202106291/images/players/randlju01.jpg"
"austin reaves","https://www.basketball-reference.com/req/202106291/images/players/reaveau01.jpg"
"cam reddish","https://www.basketball-reference.com/req/202106291/images/players/reddica01.jpg"
"davon reed","https://www.basketball-reference.com/req/202106291/images/players/reedda01.jpg"
"paul reed","https://www.basketball-reference.com/req/202106291/images/players/reedpa01.jpg"
"naz reid","https://www.basketball-reference.com/req/202106291/images/players/reidna01.jpg"
"nick richards","https://www.basketball-reference.com/req/202106291/images/players/richani01.jpg"
"josh richardson","https://www.basketball-reference.com/req/202106291/images/players/richajo01.jpg"
"austin rivers","https://www.basketball-reference.com/req/202106291/images/players/riverau01.jpg"
"duncan robinson","https://www.basketball-reference.com/req/202106291/images/players/robindu01.jpg"
"justin robinson","https://www.basketball-reference.com/req/202106291/images/players/robinju01.jpg"
"mitchell robinson","https://www.basketball-reference.com/req/202106291/images/players/robinmi01.jpg"
"jeremiah robinson-earl","https://www.basketball-reference.com/req/202106291/images/players/robinje02.jpg"
"isaiah roby","https://www.basketball-reference.com/req/202106291/images/players/robyis01.jpg"
"rajon rondo","https://www.basketball-reference.com/req/202106291/images/players/rondora01.jpg"
"derrick rose","https://www.basketball-reference.com/req/202106291/images/players/rosede01.jpg"
"terrence ross","https://www.basketball-reference.com/req/202106291/images/players/rosste01.jpg"
"terry rozier","https://www.basketball-reference.com/req/202106291/images/players/roziete01.jpg"
"ricky rubio","https://www.basketball-reference.com/req/202106291/images/players/rubiori01.jpg"
"d'angelo russell","https://www.basketball-reference.com/req/202106291/images/players/russeda01.jpg"
"matt ryan",""
"domantas sabonis","https://www.basketball-reference.com/req/202106291/images/players/sabondo01.jpg"
"dario saric","https://www.basketball-reference.com/req/202106291/images/players/saricda01.jpg"
"olivier sarr","https://www.basketball-reference.com/req/202106291/images/players/sarrol01.jpg"
"tomas satoransky","https://www.basketball-reference.com/req/202106291/images/players/satorto01.jpg"
"jordan schakel","https://www.basketball-reference.com/req/202106291/images/players/schakjo01.jpg"
"admiral schofield","https://www.basketball-reference.com/req/202106291/images/players/schofad01.jpg"
"dennis schroder","https://www.basketball-reference.com/req/202106291/images/players/schrode01.jpg"
"tre scott",""
"jay scrubb","https://www.basketball-reference.com/req/202106291/images/players/scrubja01.jpg"
"wayne selden","https://www.basketball-reference.com/req/202106291/images/players/seldewa01.jpg"
"alperen sengun","https://www.basketball-reference.com/req/202106291/images/players/sengual01.jpg"
"collin sexton","https://www.basketball-reference.com/req/202106291/images/players/sextoco01.jpg"
"terry taylor","https://www.basketball-reference.com/req/202106291/images/players/taylote01.jpg"
"garrett temple","https://www.basketball-reference.com/req/202106291/images/players/templga01.jpg"
"emanuel terry","https://www.basketball-reference.com/req/202106291/images/players/terryem01.jpg"
"tyrell terry","https://www.basketball-reference.com/req/202106291/images/players/terryty01.jpg"
"jon teske","https://www.basketball-reference.com/req/202106291/images/players/teskejo01.jpg"
"daniel theis","https://www.basketball-reference.com/req/202106291/images/players/theisda01.jpg"
"brodric thomas","https://www.basketball-reference.com/req/202106291/images/players/thomabr01.jpg"
"cam thomas","https://www.basketball-reference.com/req/202106291/images/players/thomaca02.jpg"
"isaiah thomas","https://www.basketball-reference.com/req/202106291/images/players/thomais02.jpg"
"matt thomas","https://www.basketball-reference.com/req/202106291/images/players/thomama02.jpg"
"klay thompson","https://www.basketball-reference.com/req/202106291/images/players/thompkl01.jpg"
"tristan thompson","https://www.basketball-reference.com/req/202106291/images/players/thomptr01.jpg"
"jt thor","https://www.basketball-reference.com/req/202106291/images/players/thorjt01.jpg"
"matisse thybulle","https://www.basketball-reference.com/req/202106291/images/players/thybuma01.jpg"
"killian tillie","https://www.basketball-reference.com/req/202106291/images/players/tilliki02.jpg"
"xavier tillman sr.","https://www.basketball-reference.com/req/202106291/images/players/tillmxa01.jpg"
"isaiah todd","https://www.basketball-reference.com/req/202106291/images/players/toddis01.jpg"
"obi toppin","https://www.basketball-reference.com/req/202106291/images/players/toppiob01.jpg"
"juan toscano-anderson","https://www.basketball-reference.com/req/202106291/images/players/toscaju01.jpg"
"karl-anthony towns","https://www.basketball-reference.com/req/202106291/images/players/townska01.jpg"
"gary trent jr.","https://www.basketball-reference.com/req/202106291/images/players/trentga02.jpg"
"p.j. tucker","https://www.basketball-reference.com/req/202106291/images/players/tuckepj01.jpg"
"rayjon tucker","https://www.basketball-reference.com/req/202106291/images/players/tuckera01.jpg"
"myles turner","https://www.basketball-reference.com/req/202106291/images/players/turnemy01.jpg"
"jonas valanciunas","https://www.basketball-reference.com/req/202106291/images/players/valanjo01.jpg"
"denzel valentine","https://www.basketball-reference.com/req/202106291/images/players/valende01.jpg"
"fred vanvleet","https://www.basketball-reference.com/req/202106291/images/players/vanvlfr01.jpg"
"jarred vanderbilt","https://www.basketball-reference.com/req/202106291/images/players/vandeja01.jpg"
"devin vassell","https://www.basketball-reference.com/req/202106291/images/players/vassede01.jpg"
"gabe vincent","https://www.basketball-reference.com/req/202106291/images/players/vincega01.jpg"
"nikola vucevic","https://www.basketball-reference.com/req/202106291/images/players/vucevni01.jpg"
"dean wade","https://www.basketball-reference.com/req/202106291/images/players/wadede01.jpg"
"franz wagner","https://www.basketball-reference.com/req/202106291/images/players/wagnefr01.jpg"
"moritz wagner","https://www.basketball-reference.com/req/202106291/images/players/wagnemo01.jpg"
"ish wainright","https://www.basketball-reference.com/req/202106291/images/players/wainris01.jpg"
"kemba walker","https://www.basketball-reference.com/req/202106291/images/players/walkeke02.jpg"
"lonnie walker iv","https://www.basketball-reference.com/req/202106291/images/players/walkelo01.jpg"
"m.j. walker","https://www.basketball-reference.com/req/202106291/images/players/walkemj01.jpg"
"john wall","https://www.basketball-reference.com/req/202106291/images/players/walljo01.jpg"
"tyrone wallace","https://www.basketball-reference.com/req/202106291/images/players/wallaty01.jpg"
"derrick walton","https://www.basketball-reference.com/req/202106291/images/players/waltode01.jpg"
"brad wanamaker","https://www.basketball-reference.com/req/202106291/images/players/wanambr01.jpg"
"t.j. warren","https://www.basketball-reference.com/req/202106291/images/players/warretj01.jpg"
"duane washington jr.","https://www.basketball-reference.com/req/202106291/images/players/washidu02.jpg"
"p.j. washington","https://www.basketball-reference.com/req/202106291/images/players/washipj01.jpg"
"yuta watanabe","https://www.basketball-reference.com/req/202106291/images/players/watanyu01.jpg"
"lindy waters iii","https://www.basketball-reference.com/req/202106291/images/players/waterli01.jpg"
"tremont waters","https://www.basketball-reference.com/req/202106291/images/players/watertr01.jpg"
"trendon watford","https://www.basketball-reference.com/req/202106291/images/players/watfotr01.jpg"
"paul watson","https://www.basketball-reference.com/req/202106291/images/players/watsopa01.jpg"
"quinndary weatherspoon","https://www.basketball-reference.com/req/202106291/images/players/weathqu01.jpg"
"russell westbrook","https://www.basketball-reference.com/req/202106291/images/players/westbru01.jpg"
"coby white","https://www.basketball-reference.com/req/202106291/images/players/whiteco01.jpg"
"derrick white","https://www.basketball-reference.com/req/202106291/images/players/whitede01.jpg"
"hassan whiteside","https://www.basketball-reference.com/req/202106291/images/players/whiteha01.jpg"
"joe wieskamp","https://www.basketball-reference.com/req/202106291/images/players/wieskjo01.jpg"
"aaron wiggins","https://www.basketball-reference.com/req/202106291/images/players/wiggiaa01.jpg"
"andrew wiggins","https://www.basketball-reference.com/req/202106291/images/players/wiggian01.jpg"
"lindell wigginton","https://www.basketball-reference.com/req/202106291/images/players/wiggili01.jpg"
"brandon williams",""
"grant williams","https://www.basketball-reference.com/req/202106291/images/players/willigr01.jpg"
"kenrich williams","https://www.basketball-reference.com/req/202106291/images/players/willike04.jpg"
"lou williams","https://www.basketball-reference.com/req/202106291/images/players/willilo02.jpg"
"patrick williams","https://www.basketball-reference.com/req/202106291/images/players/willipa01.jpg"
"robert williams","https://www.basketball-reference.com/req/202106291/images/players/williro04.jpg"
"ziaire williams","https://www.basketball-reference.com/req/202106291/images/players/willizi02.jpg"
"zion williamson","https://www.basketball-reference.com/req/202106291/images/players/willizi01.jpg"
"d.j. wilson","https://www.basketball-reference.com/req/202106291/images/players/wilsodj01.jpg"
"dylan windler","https://www.basketball-reference.com/req/202106291/images/players/windldy01.jpg"
"justise winslow","https://www.basketball-reference.com/req/202106291/images/players/winslju01.jpg"
"cassius winston","https://www.basketball-reference.com/req/202106291/images/players/winstca01.jpg"
"james wiseman","https://www.basketball-reference.com/req/202106291/images/players/wisemja01.jpg"
"christian wood","https://www.basketball-reference.com/req/202106291/images/players/woodch01.jpg"
"robert woodard ii","https://www.basketball-reference.com/req/202106291/images/players/woodaro01.jpg"
"delon wright","https://www.basketball-reference.com/req/202106291/images/players/wrighde01.jpg"
"mckinley wright iv","https://www.basketball-reference.com/req/202106291/images/players/wrighmc01.jpg"
"moses wright","https://www.basketball-reference.com/req/202106291/images/players/wrighmo01.jpg"
"gabe york",""
"thaddeus young","https://www.basketball-reference.com/req/202106291/images/players/youngth01.jpg"
"trae young","https://www.basketball-reference.com/req/202106291/images/players/youngtr01.jpg"
"omer yurtseven","https://www.basketball-reference.com/req/202106291/images/players/yurtsom01.jpg"
"cody zeller","https://www.basketball-reference.com/req/202106291/images/players/zelleco01.jpg"
"ivica zubac","https://www.basketball-reference.com/req/202106291/images/players/zubaciv01.jpg"
"dayron sharpe","https://www.basketball-reference.com/req/202106291/images/players/sharpda01.jpg"
"devonte graham","https://www.basketball-reference.com/req/202106291/images/players/grahade01.jpg"
"jahmius ramsey","https://www.basketball-reference.com/req/202106291/images/players/ramseja01.jpg"
"atlanta hawks","https://ca.global.nba.com/media/img/teams/00/logos/ATL_logo.svg"
"boston celtics","https://ca.global.nba.com/media/img/teams/00/logos/BOS_logo.svg"
"brooklyn nets","https://ca.global.nba.com/media/img/teams/00/logos/BKN_logo.svg"
"charlotte hornets","https://ca.global.nba.com/media/img/teams/00/logos/CHA_logo.svg"
"chicago bulls","https://ca.global.nba.com/media/img/teams/00/logos/CHI_logo.svg"
"cleveland cavaliers","https://ca.global.nba.com/media/img/teams/00/logos/CLE_logo.svg"
"dallas mavericks","https://ca.global.nba.com/media/img/teams/00/logos/DAL_logo.svg"
"denver nuggets","https://ca.global.nba.com/media/img/teams/00/logos/DEN_logo.svg"
"detroit pistons","https://ca.global.nba.com/media/img/teams/00/logos/DET_logo.svg"
"golden state warriors","https://ca.global.nba.com/media/img/teams/00/logos/GSW_logo.svg"
"houston rockets","https://ca.global.nba.com/media/img/teams/00/logos/HOU_logo.svg"
"indiana pacers","https://ca.global.nba.com/media/img/teams/00/logos/IND_logo.svg"
"los angeles clippers","https://ca.global.nba.com/media/img/teams/00/logos/LAC_logo.svg"
"los angeles lakers","https://ca.global.nba.com/media/img/teams/00/logos/LAL_logo.svg"
"memphis grizzlies","https://ca.global.nba.com/media/img/teams/00/logos/MEM_logo.svg"
"miami heat","https://ca.global.nba.com/media/img/teams/00/logos/MIA_logo.svg"
"milwaukee bucks","https://ca.global.nba.com/media/img/teams/00/logos/MIL_logo.svg"
"new orleans pelicans","https://ca.global.nba.com/media/img/teams/00/logos/NOP_logo.svg"
"new york knicks","https://ca.global.nba.com/media/img/teams/00/logos/NYK_logo.svg"
"oklahoma city thunder","https://ca.global.nba.com/media/img/teams/00/logos/OKC_logo.svg"
"orlando magic","https://ca.global.nba.com/media/img/teams/00/logos/ORL_logo.svg"
"philadelphia 76ers","https://ca.global.nba.com/media/img/teams/00/logos/PHI_logo.svg"
"phoenix suns","https://ca.global.nba.com/media/img/teams/00/logos/PHX_logo.svg"
"portland trailblazers","https://ca.global.nba.com/media/img/teams/00/logos/POR_logo.svg"
"sacramento kings","https://ca.global.nba.com/media/img/teams/00/logos/SAC_logo.svg"
"san antonio spurs","https://ca.global.nba.com/media/img/teams/00/logos/SAS_logo.svg"
"toronto raptors","https://ca.global.nba.com/media/img/teams/00/logos/TOR_logo.svg"
"utah jazz","https://ca.global.nba.com/media/img/teams/00/logos/UTA_logo.svg"
"minnesota timberwolves","https://ca.global.nba.com/media/img/teams/00/logos/MIN_logo.svg"
"washington wizards","https://ca.global.nba.com/media/img/teams/00/logos/WAS_logo.svg"
